id,function,excute,data,vin,expect
1,no emission,Y1,data1,LBVCZ11TX10150001,PASS
2,no emission,Y2,data2,LBVCZ11TX10150002,PASS
3,no emission,Y3,data3,LBVCZ11TX10150003,PASS
4,no emission,Y4,data4,LBVCZ11TX10150004,PASS
5,no emission,Y5,data5,LBVCZ11TX10150005,PASS
6,no emission,Y6,data6,LBVCZ11TX10150006,PASS
7,no emission,Y7,data7,LBVCZ11TX10150007,PASS
8,no emission,Y8,data8,LBVCZ11TX10150008,PASS
9,no emission,Y9,data9,LBVCZ11TX10150009,PASS
10,no emission,Y10,data10,LBVCZ11TX10150010,PASS
11,no emission,Y11,data11,LBVCZ11TX10150011,PASS
12,no emission,Y12,data12,LBVCZ11TX10150012,PASS
13,no emission,Y13,data13,LBVCZ11TX10150013,PASS
14,no emission,Y14,data14,LBVCZ11TX10150014,PASS
15,no emission,Y15,data15,LBVCZ11TX10150015,PASS
16,no emission,Y16,data16,LBVCZ11TX10150016,PASS
17,no emission,Y17,data17,LBVCZ11TX10150017,PASS
18,no emission,Y18,data18,LBVCZ11TX10150018,PASS
19,no emission,Y19,data19,LBVCZ11TX10150019,PASS
20,no emission,Y20,data20,LBVCZ11TX10150020,PASS
1,no emission,Y1,data1,LBVCZ11TX10150001,PASS
2,no emission,Y2,data2,LBVCZ11TX10150002,PASS
3,no emission,Y3,data3,LBVCZ11TX10150003,PASS
4,no emission,Y4,data4,LBVCZ11TX10150004,PASS
5,no emission,Y5,data5,LBVCZ11TX10150005,PASS
6,no emission,Y6,data6,LBVCZ11TX10150006,PASS
7,no emission,Y7,data7,LBVCZ11TX10150007,PASS
8,no emission,Y8,data8,LBVCZ11TX10150008,PASS
9,no emission,Y9,data9,LBVCZ11TX10150009,PASS
10,no emission,Y10,data10,LBVCZ11TX10150010,PASS
11,no emission,Y11,data11,LBVCZ11TX10150011,PASS
12,no emission,Y12,data12,LBVCZ11TX10150012,PASS
13,no emission,Y13,data13,LBVCZ11TX10150013,PASS
14,no emission,Y14,data14,LBVCZ11TX10150014,PASS
15,no emission,Y15,data15,LBVCZ11TX10150015,PASS
16,no emission,Y16,data16,LBVCZ11TX10150016,PASS
17,no emission,Y17,data17,LBVCZ11TX10150017,PASS
18,no emission,Y18,data18,LBVCZ11TX10150018,PASS
19,no emission,Y19,data19,LBVCZ11TX10150019,PASS
20,no emission,Y20,data20,LBVCZ11TX10150020,PASS
